Model,Accuracy,Precision,Recall,F1-Score,ROC-AUC
Logistic Regression,0.7305363006202116,0.7557657209225154,0.6722255017709563,0.7115519800046864,0.7922750965561812
Decision Tree,0.7233126596132798,0.7318930680758471,0.694952774498229,0.7129447388342165,0.7790728587462341
Random Forest,0.7117840204304998,0.7153306918622371,0.6927390791027155,0.7038536512220723,0.7723115938300145
Gradient Boosting,0.7335279095220723,0.7510446801671489,0.6896399055489965,0.7190336974919218,0.8004897733172507
SVM,0.7336738416636264,0.7591180371352785,0.6757674144037781,0.7150218613366646,0.7896120061926817
KNN,0.694636993797884,0.699645554014486,0.6700118063754428,0.68450810403317,0.739418169669321
Naive Bayes,0.716016052535571,0.7593525179856115,0.6230814639905549,0.6845006485084306,0.7803813532536029
